miguel:migueldeicaza
mhabersack:grendello
rolf:rolfbjarne
jpobst:jpobst
zoltan:vargaz
mkestner:mkestner
gnorton:kangaroo
mprobst:schani
jonpryor:jonpryor
atsushi:atsushieno
gonzalo:gonzalop
raja:harinath
lluis:slluis
